"","tool","correcthyb","correctpar"
"1","samavg",80.8419243986254,86.5261908294999
"2","gatavg",95.9260302262274,87.4610591900312
