"","hetfilenames","resultcorrecthybrid","resultcorrectparents"
"1","samBC",82.7044025157233,90.6896551724138
"2","samBM",78.6802030456853,87.5706214689266
"3","gatBC",97.6635514018692,91.2663755458515
"4","gatBM",95.0819672131148,90.625
