"","tool","correcthyb","correctpar"
"1","samavg",80.6923027807043,89.5358210128971
"2","gatavg",96.4035682023487,92.4709956709957
