"","hetfilenames","resultcorrecthybrid","resultcorrectparents"
"1","samBC",83.3333333333333,91.0652920962199
"2","samBM",78.3505154639175,84.9162011173184
"3","gatBC",97.5124378109453,91.588785046729
"4","gatBM",94.3396226415094,84.7457627118644
