"","tool","correcthyb","correctpar"
"1","samavg",80.6923027807043,89.1301383206702
"2","gatavg",96.372759307492,90.9456877729258
