"","hetfilenames","resultcorrecthybrid","resultcorrectparents"
"1","samBC",82.7586206896552,90.7216494845361
"2","samBM",78.7878787878788,85.2459016393443
"3","gatBC",97.7168949771689,90.6779661016949
"4","gatBM",95.1612903225807,85.5072463768116
