"","hetfilenames","resultcorrecthybrid","resultcorrectparents"
"1","samBC",82.5396825396825,90.9090909090909
"2","samBM",78.3505154639175,87.8612716763006
"3","gatBC",97.6635514018692,91.2663755458515
"4","gatBM",95.0819672131148,93.5483870967742
