"","hetfilenames","resultcorrecthybrid","resultcorrectparents"
"1","samBC",82.3960880195599,90.5913978494624
"2","samBM",81.4345991561182,86.5470852017937
"3","gatBC",97.7064220183486,91.025641025641
"4","gatBM",95.1219512195122,85.4014598540146
