"","hetfilenames","resultcorrecthybrid","resultcorrectparents"
"1","samBC",83.3333333333333,90.4436860068259
"2","samBM",78.3505154639175,82.6086956521739
"3","gatBC",97.5124378109453,91.588785046729
"4","gatBM",94.3396226415094,83.3333333333333
