"","tool","correcthyb","correctpar"
"1","samavg",81.8544366899302,90.1796180752505
"2","gatavg",96.4089018770372,90.842399441062
