"","tool","correcthyb","correctpar"
"1","samavg",82.0358549919067,84.0996413934426
"2","gatavg",96.496242764175,80.0379572118703
