"","tool","correcthyb","correctpar"
"1","samavg",80.4450990018,89.3851812926957
"2","gatavg",96.372759307492,92.4073813213129
