"","tool","correcthyb","correctpar"
"1","samavg",80.773249738767,87.9837755619402
"2","gatavg",96.4390926498748,88.0926062392533
