"","tool","correcthyb","correctpar"
"1","samavg",80.6923027807043,88.7978194892811
"2","gatavg",96.4035682023487,92.4709956709957
