"","hetfilenames","resultcorrecthybrid","resultcorrectparents"
"1","samBC",82.7044025157233,91.0034602076124
"2","samBM",78.6802030456853,88.0681818181818
"3","gatBC",97.6635514018692,91.2663755458515
"4","gatBM",95.0819672131148,93.5483870967742
