"","hetfilenames","resultcorrecthybrid","resultcorrectparents"
"1","samBC",83.3333333333333,88.0398671096346
"2","samBM",78.3505154639175,76.7676767676768
"3","gatBC",97.5124378109453,85.2173913043478
"4","gatBM",94.4444444444444,73.3812949640288
