"","hetfilenames","resultcorrecthybrid","resultcorrectparents"
"1","samBC",82.3529411764706,91.0569105691057
"2","samBM",81.3559322033898,89.3023255813954
"3","gatBC",97.6958525345622,90.9871244635193
"4","gatBM",95.1219512195122,90.6976744186046
