"","hetfilenames","resultcorrecthybrid","resultcorrectparents"
"1","samBC",83.2807570977918,91.0344827586207
"2","samBM",78.2383419689119,85.3107344632768
"3","gatBC",97.5124378109453,92.018779342723
"4","gatBM",94.3396226415094,86.2068965517241
