"","hetfilenames","resultcorrecthybrid","resultcorrectparents"
"1","samBC",82.7044025157233,90.6896551724138
"2","samBM",78.6802030456853,85.6353591160221
"3","gatBC",97.7064220183486,91.025641025641
"4","gatBM",95.1219512195122,86.0294117647059
