"","tool","correcthyb","correctpar"
"1","samavg",80.4728074473297,89.4041137326074
"2","gatavg",96.372759307492,92.4073813213129
