"","tool","correcthyb","correctpar"
"1","samavg",80.773249738767,82.4676819841453
"2","gatavg",96.496242764175,80.0379572118703
