"","hetfilenames","resultcorrecthybrid","resultcorrectparents"
"1","samBC",82.484076433121,90.8771929824562
"2","samBM",78.4615384615385,87.9310344827586
"3","gatBC",97.6635514018692,91.2663755458515
"4","gatBM",95.0819672131148,93.5483870967742
