"","tool","correcthyb","correctpar"
"1","samavg",80.6923027807043,88.162507144218
"2","gatavg",96.4141866189304,88.5275263951735
