"","hetfilenames","resultcorrecthybrid","resultcorrectparents"
"1","samBC",82.7586206896552,87.7076411960133
"2","samBM",78.7878787878788,77.2277227722772
"3","gatBC",97.7168949771689,84.9206349206349
"4","gatBM",95.2755905511811,75.1552795031056
