Label,C1,C2,Race
 B73,-0.0944904,0.118978,Control
 B73,-0.0942668,0.121658,Control
 B73xCML322,-0.0144765,0.15633,Control
 B73xMo17,-0.107009,0.0978141,Control
 CML322,0.100465,0.147552,Control
 Mo17,-0.121305,0.0766427,Control